{
  "benchmarks": {
    "PSO": {
      "avg_iter_t": 18.134568084026686,
      "final_total_loss": 0.25733109380234964,
      "tensor_stats": {
        "obja": {
          "abs_mean": 0.9999105334281921,
          "dtype": "float32",
          "max": 1.0032373666763306,
          "mean": 0.9999105334281921,
          "min": 0.9599999785423279,
          "shape": [
            1,
            21,
            639,
            639
          ],
          "std": 0.0014106844319030643
        },
        "objp": {
          "abs_mean": 0.05424948409199715,
          "dtype": "float32",
          "max": 1.1524500846862793,
          "mean": 0.05424948409199715,
          "min": 0.0,
          "shape": [
            1,
            21,
            639,
            639
          ],
          "std": 0.10716162621974945
        },
        "probe": {
          "abs_mean": 0.06695672869682312,
          "dtype": "complex64",
          "max": 0.6033147573471069,
          "mean": 0.06695672869682312,
          "min": 8.184348553186283e-05,
          "shape": [
            4,
            256,
            256
          ],
          "std": 0.06606263667345047
        }
      }
    },
    "tBL_WSe2": {
      "avg_iter_t": 4.795106551996432,
      "final_total_loss": 0.3702039742679517,
      "tensor_stats": {
        "obja": {
          "abs_mean": 0.998823881149292,
          "dtype": "float32",
          "max": 1.206862211227417,
          "mean": 0.998823881149292,
          "min": 0.8014271259307861,
          "shape": [
            1,
            6,
            583,
            583
          ],
          "std": 0.01962393894791603
        },
        "objp": {
          "abs_mean": 0.008583367802202702,
          "dtype": "float32",
          "max": 0.30647099018096924,
          "mean": 0.008583367802202702,
          "min": 0.0,
          "shape": [
            1,
            6,
            583,
            583
          ],
          "std": 0.02105344459414482
        },
        "probe": {
          "abs_mean": 0.028399454429745674,
          "dtype": "complex64",
          "max": 1.836645483970642,
          "mean": 0.028399454429745674,
          "min": 2.310175113962032e-05,
          "shape": [
            6,
            128,
            128
          ],
          "std": 0.06085282564163208
        }
      }
    }
  },
  "policy": {
    "quality_loss_rel_fail": 0.15,
    "tensor_stats_rel_fail": 0.2,
    "time_fail_rel": 1.0,
    "time_warn_rel": 0.25
  },
  "version": 1
}
