{
  "benchmarks": {
    "PSO": {
      "avg_iter_t": 18.077085921739926,
      "final_total_loss": 0.2573364931231481,
      "tensor_stats": {
        "obja": {
          "abs_mean": 0.9999105334281921,
          "dtype": "float32",
          "max": 1.003235101699829,
          "mean": 0.9999105334281921,
          "min": 0.9599999785423279,
          "shape": [
            1,
            21,
            639,
            639
          ],
          "std": 0.0014105068985372782
        },
        "objp": {
          "abs_mean": 0.05425535514950752,
          "dtype": "float32",
          "max": 1.1520167589187622,
          "mean": 0.05425535514950752,
          "min": 0.0,
          "shape": [
            1,
            21,
            639,
            639
          ],
          "std": 0.10715386271476746
        },
        "probe": {
          "abs_mean": 0.06696160137653351,
          "dtype": "complex64",
          "max": 0.6037003993988037,
          "mean": 0.06696160137653351,
          "min": 0.0001043053634930402,
          "shape": [
            4,
            256,
            256
          ],
          "std": 0.06605769693851471
        }
      }
    },
    "tBL_WSe2": {
      "avg_iter_t": 4.752802764535882,
      "final_total_loss": 0.3702039742679517,
      "tensor_stats": {
        "obja": {
          "abs_mean": 0.998823881149292,
          "dtype": "float32",
          "max": 1.206862211227417,
          "mean": 0.998823881149292,
          "min": 0.8014271259307861,
          "shape": [
            1,
            6,
            583,
            583
          ],
          "std": 0.01962393894791603
        },
        "objp": {
          "abs_mean": 0.008583367802202702,
          "dtype": "float32",
          "max": 0.30647099018096924,
          "mean": 0.008583367802202702,
          "min": 0.0,
          "shape": [
            1,
            6,
            583,
            583
          ],
          "std": 0.02105344459414482
        },
        "probe": {
          "abs_mean": 0.028399454429745674,
          "dtype": "complex64",
          "max": 1.836645483970642,
          "mean": 0.028399454429745674,
          "min": 2.310175113962032e-05,
          "shape": [
            6,
            128,
            128
          ],
          "std": 0.06085282564163208
        }
      }
    }
  },
  "policy": {
    "quality_loss_rel_fail": 0.15,
    "tensor_stats_rel_fail": 0.2,
    "time_fail_rel": 1.0,
    "time_warn_rel": 0.25
  },
  "version": 1
}
